<?xml version="1.0" encoding="ISO-8859-1"?>
<!-- Generated by Cernato -->
<cernatodata version="1.0" name="two_views_same_attribute">
    <types>
        <type_textual id="T1">
            <name>typ1</name>
            <text_value>w1</text_value>
            <text_value>w2</text_value>
            <text_value_group id="T1G1">
                <name>w2-w1</name>
                <text_value>w2</text_value>
                <text_value>w1</text_value>
            </text_value_group>
            <text_value_group id="T1G2">
                <name>w2</name>
                <text_value>w2</text_value>
            </text_value_group>
            <memo></memo>
        </type_textual>
    </types>
    <properties>
        <property id="P1">
            <name>a1</name>
            <type_ref type="T1" type_name="typ1"/>
            <memo></memo>
        </property>
        <property id="P2">
            <name>a2</name>
            <type_ref type="T1" type_name="typ1"/>
            <memo></memo>
        </property>
    </properties>
    <objects>
        <object id="O1">
            <name>g1</name>
            <memo></memo>
        </object>
        <object id="O2">
            <name>g2</name>
            <memo></memo>
        </object>
        <object id="O3">
            <name>g3</name>
            <memo></memo>
        </object>
        <object id="O4">
            <name>g4</name>
            <memo></memo>
        </object>
        <object id="O5">
            <name>g5</name>
            <memo></memo>
        </object>
        <object id="O6">
            <name>g6</name>
            <memo></memo>
        </object>
        <object id="O7">
            <name>g7</name>
            <memo></memo>
        </object>
        <object id="O8">
            <name>g8</name>
            <memo></memo>
        </object>
        <object id="O9">
            <name>g9</name>
            <memo></memo>
        </object>
    </objects>
    <relation>
        <row object="O1" object_name="g1">
            <cell property="P1" property_name="a1">w1</cell>
            <cell property="P2" property_name="a2">w1</cell>
        </row>
        <row object="O2" object_name="g2">
            <cell property="P1" property_name="a1">w2</cell>
            <cell property="P2" property_name="a2">w2</cell>
        </row>
        <row object="O3" object_name="g3">
            <cell property="P1" property_name="a1">w1</cell>
            <cell property="P2" property_name="a2">w2</cell>
        </row>
        <row object="O4" object_name="g4">
            <cell property="P1" property_name="a1">w2</cell>
            <cell property="P2" property_name="a2">w1</cell>
        </row>
        <row object="O5" object_name="g5">
            <cell property="P1" property_name="a1"></cell>
            <cell property="P2" property_name="a2"></cell>
        </row>
        <row object="O6" object_name="g6">
            <cell property="P1" property_name="a1">w1</cell>
            <cell property="P2" property_name="a2"></cell>
        </row>
        <row object="O7" object_name="g7">
            <cell property="P1" property_name="a1">w2</cell>
            <cell property="P2" property_name="a2"></cell>
        </row>
        <row object="O8" object_name="g8">
            <cell property="P1" property_name="a1"></cell>
            <cell property="P2" property_name="a2">w1</cell>
        </row>
        <row object="O9" object_name="g9">
            <cell property="P1" property_name="a1"></cell>
            <cell property="P2" property_name="a2">w2</cell>
        </row>
    </relation>
    <categories>
    </categories>
    <views>
        <view id="V1">
            <name>a1</name>
            <criterion>
                <property_ref property="P1" property_name="a1"/>
                <value_group_ref value_group="T1G1" value_group_name="w2-w1"/>
            </criterion>
            <criterion>
                <property_ref property="P1" property_name="a1"/>
                <value_group_ref value_group="T1G2" value_group_name="w2"/>
            </criterion>
            <memo></memo>
        </view>
        <view id="V2">
            <name>a2</name>
            <criterion>
                <property_ref property="P2" property_name="a2"/>
                <value_group_ref value_group="T1G1" value_group_name="w2-w1"/>
            </criterion>
            <criterion>
                <property_ref property="P2" property_name="a2"/>
                <value_group_ref value_group="T1G2" value_group_name="w2"/>
            </criterion>
            <memo></memo>
        </view>
        <view id="V3">
            <name>w1+w2</name>
            <criterion>
                <property_ref property="P1" property_name="a1"/>
                <value_group_ref value_group="T1G1" value_group_name="w2-w1"/>
            </criterion>
            <criterion>
                <property_ref property="P2" property_name="a2"/>
                <value_group_ref value_group="T1G1" value_group_name="w2-w1"/>
            </criterion>
            <memo></memo>
        </view>
        <view id="V4">
            <name>w2</name>
            <criterion>
                <property_ref property="P1" property_name="a1"/>
                <value_group_ref value_group="T1G2" value_group_name="w2"/>
            </criterion>
            <criterion>
                <property_ref property="P2" property_name="a2"/>
                <value_group_ref value_group="T1G2" value_group_name="w2"/>
            </criterion>
            <memo></memo>
        </view>
    </views>
</cernatodata>
